{
    "1": {
        "Артур": {
            "count": 640,
            "size": 100.0
        },
        "Денис": {
            "count": 599,
            "size": 92.75467775467776
        },
        "Никита": {
            "count": 376,
            "size": 53.34719334719335
        },
        "Ваня": {
            "count": 260,
            "size": 32.84823284823285
        },
        "Федя": {
            "count": 212,
            "size": 24.365904365904363
        },
        "Вика": {
            "count": 159,
            "size": 15.0
        }
    },
    "2": {
        "total": {
            "Федя": {
                "rating": 7.1455226001448295,
                "size": 88.81267150006792
            },
            "Артур": {
                "rating": 7.016477213327519,
                "size": 79.92935655546157
            },
            "Вика": {
                "rating": 6.9364071867450106,
                "size": 74.41744108681797
            },
            "Ваня": {
                "rating": 6.856574496919472,
                "size": 68.92186356881405
            },
            "Никита": {
                "rating": 6.813610818260188,
                "size": 65.9643003569683
            },
            "Денис": {
                "rating": 6.667113178442987,
                "size": 55.879595237055135
            }
        },
        "imdb": {
            "Федя": {
                "rating": 7.222169811320757,
                "size": 94.08896485153382
            },
            "Артур": {
                "rating": 7.022968750000009,
                "size": 80.37622541422851
            },
            "Вика": {
                "rating": 6.975471698113207,
                "size": 77.10659074338125
            },
            "Ваня": {
                "rating": 6.842307692307692,
                "size": 67.93975547688336
            },
            "Никита": {
                "rating": 6.794652406417105,
                "size": 64.65922818503483
            },
            "Денис": {
                "rating": 6.478093645484951,
                "size": 42.86773884015992
            }
        },
        "letterboxd": {
            "Федя": {
                "rating": 6.941042654028438,
                "size": 74.73654056654134
            },
            "Артур": {
                "rating": 6.777896389324962,
                "size": 63.50576597520439
            },
            "Вика": {
                "rating": 6.717484276729561,
                "size": 59.3470754873862
            },
            "Ваня": {
                "rating": 6.572000000000003,
                "size": 49.33212895150918
            },
            "Никита": {
                "rating": 6.525923913043482,
                "size": 46.16031164021468
            },
            "Денис": {
                "rating": 6.145900514579759,
                "size": 20.0
            }
        },
        "kp": {
            "Федя": {
                "rating": 7.3080377358490525,
                "size": 100.0
            },
            "Артур": {
                "rating": 7.235695312499997,
                "size": 95.02004258877157
            },
            "Вика": {
                "rating": 7.198547169811322,
                "size": 92.46281323521198
            },
            "Ваня": {
                "rating": 7.170684615384616,
                "size": 90.54479158222512
            },
            "Никита": {
                "rating": 7.060703999999996,
                "size": 82.97387046401167
            },
            "Денис": {
                "rating": 6.956298831385645,
                "size": 75.78675577885812
            }
        }
    }
}