{
    "1": {
        "Артур": {
            "count": 640,
            "size": 100.0
        },
        "Денис": {
            "count": 599,
            "size": 92.75467775467776
        },
        "Никита": {
            "count": 376,
            "size": 53.34719334719335
        },
        "Ваня": {
            "count": 260,
            "size": 32.84823284823285
        },
        "Федя": {
            "count": 212,
            "size": 24.365904365904363
        },
        "Вика": {
            "count": 159,
            "size": 15.0
        }
    },
    "2": {
        "total": {
            "Федя": {
                "rating": 7.1455226001448295,
                "size": 0.8951187953131368
            },
            "Артур": {
                "rating": 7.016477213327519,
                "size": 0.8118377177074522
            },
            "Вика": {
                "rating": 6.9364071867450106,
                "size": 0.7601635101889185
            },
            "Ваня": {
                "rating": 6.856574496919472,
                "size": 0.7086424709576316
            },
            "Никита": {
                "rating": 6.813610818260188,
                "size": 0.6809153158465777
            },
            "Денис": {
                "rating": 6.667113178442987,
                "size": 0.586371205347392
            }
        },
        "imdb": {
            "Федя": {
                "rating": 7.222169811320757,
                "size": 0.9445840454831296
            },
            "Артур": {
                "rating": 7.022968750000009,
                "size": 0.8160271132583923
            },
            "Вика": {
                "rating": 6.975471698113207,
                "size": 0.7853742882191991
            },
            "Ваня": {
                "rating": 6.842307692307692,
                "size": 0.6994352075957815
            },
            "Никита": {
                "rating": 6.794652406417105,
                "size": 0.6686802642347016
            },
            "Денис": {
                "rating": 6.478093645484951,
                "size": 0.4643850516264993
            }
        },
        "letterboxd": {
            "Федя": {
                "rating": 6.941042654028438,
                "size": 0.763155067811325
            },
            "Артур": {
                "rating": 6.777896389324962,
                "size": 0.6578665560175412
            },
            "Вика": {
                "rating": 6.717484276729561,
                "size": 0.6188788326942456
            },
            "Ваня": {
                "rating": 6.572000000000003,
                "size": 0.5249887089203986
            },
            "Никита": {
                "rating": 6.525923913043482,
                "size": 0.4952529216270126
            },
            "Денис": {
                "rating": 6.145900514579759,
                "size": 0.25
            }
        },
        "kp": {
            "Федя": {
                "rating": 7.3080377358490525,
                "size": 1.0
            },
            "Артур": {
                "rating": 7.235695312499997,
                "size": 0.9533128992697335
            },
            "Вика": {
                "rating": 7.198547169811322,
                "size": 0.9293388740801123
            },
            "Ваня": {
                "rating": 7.170684615384616,
                "size": 0.9113574210833605
            },
            "Никита": {
                "rating": 7.060703999999996,
                "size": 0.8403800356001093
            },
            "Денис": {
                "rating": 6.956298831385645,
                "size": 0.7730008354267949
            }
        }
    }
}